Unnamed: 0,Doc,OP_Updated_Num,OP_Unit,OTR_Updated_Num,OTR_Unit,PCO2_Updated_Num,PCO2_Unit,WVTR_Updated_Num,WVTR_Unit,WVP_Updated_Num,WVP_Unit,thickness_Updated_Num,thickness_Unit,temperature_Updated_Num,temperature_Unit,RH_Updated_Num,RH_Unit,Base Material,Type,Secondary Material,Composition,Plasticizer,OTR_temperature_Num,OTR_RH_Num
0,"Effect of clay content, homogenization RPM, pH, and ultrasonication on mechanical and barrier properties of fish gelatin montmorillonite nanocomposite films",,,,,,,2731.3977600000003,g/m2day,2695.68,gum/m2daykPa,0.0001,,,,,,fish gelatin,individual,None,None,"[‘GLY’, ’20.0’, ‘%’]",23.0,50.0
1,"Effect of clay content, homogenization RPM, pH, and ultrasonication on mechanical and barrier properties of fish gelatin montmorillonite nanocomposite films",,,,,,,709.11288,g/m2day,699.84,gum/m2daykPa,0.0001,,,,,,fish gelatin,nanocomposite,montmorillonite,"[‘MMT’, ‘0.09’, ’%’]","[‘GLY’, ’20.0’, ‘%’]",23.0,50.0
2,"Effect of clay content, homogenization RPM, pH, and ultrasonication on mechanical and barrier properties of fish gelatin montmorillonite nanocomposite films",,,,,,,980.5017600000001,g/m2day,967.6800000000001,gum/m2daykPa,0.0001,,,,,,fish gelatin,nanocomposite,montmorillonite,"[‘MMT’, ‘0.05’, ’%’]","[‘GLY’, ’20.0’, ‘%’]",23.0,50.0
3,"Effect of clay content, homogenization RPM, pH, and ultrasonication on mechanical and barrier properties of fish gelatin montmorillonite nanocomposite films",,,,,,,1199.36376,g/m2day,1183.68,gum/m2daykPa,0.0001,,,,,,fish gelatin,nanocomposite,montmorillonite,"[‘MMT’, ‘0.05’, ’%’]","[‘GLY’, ’20.0’, ‘%’]",23.0,50.0
4,"Effect of clay content, homogenization RPM, pH, and ultrasonication on mechanical and barrier properties of fish gelatin montmorillonite nanocomposite films",,,,,,,1365.6988800000001,g/m2day,1347.84,gum/m2daykPa,0.0001,,,,,,fish gelatin,nanocomposite,montmorillonite,None,glycerol,23.0,50.0
5,"Effect of clay content, homogenization RPM, pH, and ultrasonication on mechanical and barrier properties of fish gelatin montmorillonite nanocomposite films",,,,,,,1085.5555200000001,g/m2day,1071.3600000000001,gum/m2daykPa,0.0001,,,,,,fish gelatin,nanocomposite,montmorillonite,None,glycerol,23.0,50.0
6,"Effect of clay content, homogenization RPM, pH, and ultrasonication on mechanical and barrier properties of fish gelatin montmorillonite nanocomposite films",402.79999999999967,cm3um/m2dayatm,4.027999999999997,cm3/m2day,,,,,,,0.0001,,23.0,°C,50.0,%,fish gelatin,individual,None,None,"[‘GLY’, ’20.0’, ‘%’]",23.0,50.0
7,"Effect of clay content, homogenization RPM, pH, and ultrasonication on mechanical and barrier properties of fish gelatin montmorillonite nanocomposite films",114.40000000000043,cm3um/m2dayatm,1.1440000000000043,cm3/m2day,,,,,,,0.0001,,23.0,°C,50.0,%,fish gelatin,nanocomposite,montmorillonite,"[‘MMT’, ‘0.09’, ’%’]","[‘GLY’, ’20.0’, ‘%’]",23.0,50.0
8,"Effect of clay content, homogenization RPM, pH, and ultrasonication on mechanical and barrier properties of fish gelatin montmorillonite nanocomposite films",196.40000000000038,cm3um/m2dayatm,1.9640000000000037,cm3/m2day,,,,,,,0.0001,,23.0,°C,50.0,%,fish gelatin,nanocomposite,montmorillonite,None,glycerol,23.0,50.0
9,"Effect of clay content, homogenization RPM, pH, and ultrasonication on mechanical and barrier properties of fish gelatin montmorillonite nanocomposite films",171.30000000000015,cm3um/m2dayatm,1.7130000000000016,cm3/m2day,,,,,,,0.0001,,23.0,°C,50.0,%,fish gelatin,nanocomposite,montmorillonite,None,glycerol,23.0,50.0
10,"Effect of clay content, homogenization RPM, pH, and ultrasonication on mechanical and barrier properties of fish gelatin montmorillonite nanocomposite films",214.20000000000041,cm3um/m2dayatm,2.1420000000000043,cm3/m2day,,,,,,,0.0001,,23.0,°C,50.0,%,fish gelatin,nanocomposite,montmorillonite,"[‘MMT’, ‘0.05’, ’%’]","[‘GLY’, ’20.0’, ‘%’]",23.0,50.0
11,"Effect of clay content, homogenization RPM, pH, and ultrasonication on mechanical and barrier properties of fish gelatin montmorillonite nanocomposite films",189.9000000000003,cm3um/m2dayatm,1.899000000000003,cm3/m2day,,,,,,,0.0001,,23.0,°C,50.0,%,fish gelatin,nanocomposite,montmorillonite,"[‘MMT’, ‘0.05’, ’%’]","[‘GLY’, ’20.0’, ‘%’]",23.0,50.0
12,"Effect of clay content, homogenization RPM, pH, and ultrasonication on mechanical and barrier properties of fish gelatin montmorillonite nanocomposite films",248.0000000000002,cm3um/m2dayatm,2.480000000000002,cm3/m2day,,,,,,,0.0001,,23.0,°C,50.0,%,fish gelatin,nanocomposite,montmorillonite,None,glycerol,23.0,50.0
13,"Effect of clay content, homogenization RPM, pH, and ultrasonication on mechanical and barrier properties of fish gelatin montmorillonite nanocomposite films",207.30000000000027,cm3um/m2dayatm,2.0730000000000026,cm3/m2day,,,,,,,0.0001,,23.0,°C,50.0,%,fish gelatin,nanocomposite,montmorillonite,None,glycerol,23.0,50.0
14,"Effect of clay content, homogenization RPM, pH, and ultrasonication on mechanical and barrier properties of fish gelatin montmorillonite nanocomposite films",,,,,,,1076.80104,g/m2day,1062.72,gum/m2daykPa,0.0001,,,,,,fish gelatin,nanocomposite,montmorillonite,"[‘MMT’, ‘0.05’, ’%’]","[‘GLY’, ’20.0’, ‘%’]",23.0,50.0
15,"Effect of clay content, homogenization RPM, pH, and ultrasonication on mechanical and barrier properties of fish gelatin montmorillonite nanocomposite films",,,,,,,1146.8368799999998,g/m2day,1131.84,gum/m2daykPa,0.0001,,,,,,fish gelatin,nanocomposite,montmorillonite,"[‘MMT’, ‘0.05’, ’%’]","[‘GLY’, ’20.0’, ‘%’]",23.0,50.0
16,"Effect of clay content, homogenization RPM, pH, and ultrasonication on mechanical and barrier properties of fish gelatin montmorillonite nanocomposite films",,,,,,,1208.11824,g/m2day,1192.32,gum/m2daykPa,0.0001,,,,,,fish gelatin,nanocomposite,montmorillonite,"[‘MMT’, ‘0.05’, ’%’]","[‘GLY’, ’20.0’, ‘%’]",23.0,50.0
17,"Tensile, water vapor barrier and antimicrobial properties of PLA nanoclay composite films",,,,,,,2203.925034965035,g/m2day,1555.2,gum/m2daykPa,7.15e-05,m,25.0,°C,50.0,%,polylactic acid,individual,None,None,,25.0,50.0
18,"Tensile, water vapor barrier and antimicrobial properties of PLA nanoclay composite films",,,,,,,2259.2206451612906,g/m2day,1797.12,gum/m2daykPa,8.06e-05,m,25.0,°C,50.0,%,polylactic acid,nanocomposite,NaMMT,"[‘NaMMT’, ’0.5’, ’%’]",,25.0,50.0
19,"Tensile, water vapor barrier and antimicrobial properties of PLA nanoclay composite films",,,,,,,1879.1181818181817,g/m2day,1468.8,gum/m2daykPa,7.92e-05,m,25.0,°C,50.0,%,polylactic acid,nanocomposite,OMMT,"[‘OMMT’, ’0.5’, ’%’]",,25.0,50.0
20,"Tensile, water vapor barrier and antimicrobial properties of PLA nanoclay composite films",,,,,,,1197.1048751486328,g/m2day,993.6,gum/m2daykPa,8.41e-05,m,25.0,°C,50.0,%,polylactic acid,nanocomposite,OMMT,"[‘OMMT’, ’0.5’, ’%’]",,25.0,50.0
21,"Tensile, water vapor barrier and antimicrobial properties of PLA nanoclay composite films",,,,,,,1904.0994,g/m2day,2255.04,gum/m2daykPa,0.00012,m,25.0,°C,50.0,%,polylactic acid,individual,None,None,,25.0,50.0
22,"Tensile, water vapor barrier and antimicrobial properties of PLA nanoclay composite films",,,,,,,4463.4438512035,g/m2day,4026.24,gum/m2daykPa,9.14e-05,m,25.0,°C,50.0,%,polylactic acid,individual,None,None,,25.0,50.0
23,Suitability of novel galactomannans as edible coatings for tropical fruits,,,,,6.119e-14,gm/m2Pas,,,,,3e-06,m,20.0,°C,,%,fruit,coated,galactomannans,"[‘GAL’, ‘1.5’, ’%’]","[‘GLY’, ‘1.0’, ‘%’]",20.0,50.0
24,Suitability of novel galactomannans as edible coatings for tropical fruits,,,,,4.313e-14,gm/m2Pas,,,,,3e-06,m,20.0,°C,,%,fruit,coated,galactomannans,"[‘GAL’, ‘1.0’, ’%’]","[‘GLY’, ‘1.0’, ‘%’]",20.0,50.0
25,Suitability of novel galactomannans as edible coatings for tropical fruits,,,,,4.785e-14,gm/m2Pas,,,,,3e-06,m,20.0,°C,,%,fruit,coated,galactomannans,"[‘GAL’, ‘0.5’, ’%’]","[‘GLY’, ‘1.0’, ‘%’]",20.0,50.0
26,Suitability of novel galactomannans as edible coatings for tropical fruits,,,,,,,182385.0,g/m2day,5400.0,gum/m2daykPa,3e-06,m,20.0,°C,0.0,%,fruit,coated,galactomannans,"[‘GAL’, ‘0.5’, ’%’]","[‘GLY’, ‘1.5’, ‘%’]",20.0,0.0
27,Suitability of novel galactomannans as edible coatings for tropical fruits,,,,,,,188804.95199999996,g/m2day,5590.079999999999,gum/m2daykPa,3e-06,m,20.0,°C,0.0,%,fruit,coated,galactomannans,"[‘GAL’, ‘1.0’, ’%’]","[‘GLY’, ‘1.5’, ‘%’]",20.0,0.0
28,Suitability of novel galactomannans as edible coatings for tropical fruits,,,,,,,180342.28799999997,g/m2day,5339.5199999999995,gum/m2daykPa,3e-06,m,20.0,°C,0.0,%,fruit,coated,galactomannans,"[‘GAL’, ‘1.5’, ’%’]","[‘GLY’, ‘1.5’, ‘%’]",20.0,0.0
29,Suitability of novel galactomannans as edible coatings for tropical fruits,,,,,,,52526.880000000005,g/m2day,1555.2,gum/m2daykPa,3e-06,m,20.0,°C,,%,locust bean gum,individual,None,"[‘LBG’, ‘1.0’, ’%’]","[‘PEG’, ‘1.7’, ‘%’]",20.0,50.0
30,Suitability of novel galactomannans as edible coatings for tropical fruits,,,,,,,93381.12,g/m2day,2764.7999999999997,gum/m2daykPa,3e-06,m,20.0,°C,,%,locust bean gum,individual,None,"[‘LBG’, ‘1.0’, ’%’]","[‘PEG’, ‘0.4’, ‘%’]",20.0,50.0
31,Suitability of novel galactomannans as edible coatings for tropical fruits,,,,,,,253879.91999999995,g/m2day,7516.799999999999,gum/m2daykPa,3e-06,m,20.0,°C,,%,corn starch,individual,None,"[‘CS’, ‘5’, ’%’]","[‘GLY’, ‘1.4’, ‘%’]",20.0,50.0
32,Suitability of novel galactomannans as edible coatings for tropical fruits,6065.035129461162,cm3um/m2dayatm,2021.678376487054,cm3/m2day,,,,,,,3e-06,m,20.0,°C,,%,fruit,coated,galactomannans,"[‘GAL’, ‘0.5’, ’%’]","[‘GLY’, ‘1.5’, ‘%’]",20.0,50.0
33,Suitability of novel galactomannans as edible coatings for tropical fruits,2634.308187543737,cm3um/m2dayatm,878.1027291812456,cm3/m2day,,,,,,,3e-06,m,20.0,°C,,%,fruit,coated,galactomannans,"[‘GAL’, ‘1.0’, ’%’]","[‘GLY’, ‘1.5’, ‘%’]",20.0,50.0
34,Suitability of novel galactomannans as edible coatings for tropical fruits,2511.7822253324007,cm3um/m2dayatm,837.2607417774669,cm3/m2day,,,,,,,3e-06,m,20.0,°C,,%,fruit,coated,galactomannans,"[‘GAL’, ‘1.5’, ’%’]","[‘GLY’, ‘1.5’, ‘%’]",20.0,50.0
35,Gas transport properties of polypropylene clay composite membranes,170726.87178410185,cm3um/m2dayatm,1552.0624707659733,cm3/m2day,,,,,,,0.0001099999999999,m,25.0,°C,,,polypropylene,individual,None,None,,25.0,50.0
36,Gas transport properties of polypropylene clay composite membranes,39267.180510343474,cm3um/m2dayatm,309.19039771923997,cm3/m2day,,,,,,,0.000127,m,25.0,°C,,,polypropylene,nanocomposite,NaMMT,"[‘NaMMT’, ’5.0’, ’%’]",,25.0,50.0
37,Exploring the potentialities of using lignocellulosic fibres derived from three food by-products as constituents of biocomposites for food packaging,,,,,,,525.2688,g/m2day,1296.0,gum/m2daykPa,0.00025,m,20.0,°C,100.0,%,PHBV,individual,None,None,,20.0,100.0
38,Exploring the potentialities of using lignocellulosic fibres derived from three food by-products as constituents of biocomposites for food packaging,,,,,,,1820.9318400000002,g/m2day,4492.8,gum/m2daykPa,0.00025,m,20.0,°C,100.0,%,PHBV,blend,wheat straw fibres,"[‘WSF’, ’20.0’, ’%’]",,20.0,100.0
39,Exploring the potentialities of using lignocellulosic fibres derived from three food by-products as constituents of biocomposites for food packaging,,,,,,,182.093184,g/m2day,449.28,gum/m2daykPa,0.00025,m,20.0,°C,100.0,%,PHBV,blend,olive mills,"[‘OM’, ’20.0’, ’%’]",,20.0,100.0
40,Barrier properties of chitosan coated polyethylene,,,,,1.02e-17,gm/m2Pas,,,,,0.0001,,25.0,°C,0.0,%,polyethylene,coated,chitosan,"[‘CS’, ’2.0’, ‘%’]",,25.0,0.0
41,Barrier properties of chitosan coated polyethylene,,,,,,,62.156808,g/m2day,61.344,gum/m2daykPa,0.0001,,,,,,polyvinyl chloride,individual,None,None,,23.0,50.0
42,Barrier properties of chitosan coated polyethylene,,,,,,,56.904120000000006,g/m2day,56.16,gum/m2daykPa,0.0001,,,,,,polypropylene,individual,None,None,,23.0,50.0
43,Barrier properties of chitosan coated polyethylene,,,,,,,5348.98728,g/m2day,5279.04,gum/m2daykPa,0.0001,,25.0,°C,50.0,%,chitosan,individual,None,None,,25.0,50.0
44,Barrier properties of chitosan coated polyethylene,,,,,,,130.6168416,g/m2day,128.90879999999999,gum/m2daykPa,0.0001,,25.0,°C,50.0,%,chitosan,individual,None,None,,25.0,50.0
45,Barrier properties of chitosan coated polyethylene,,,,,,,4377.24,g/m2day,4320.0,gum/m2daykPa,0.0001,,25.0,°C,52.0,%,methylcellulose,individual,None,None,PEG,25.0,52.0
46,Barrier properties of chitosan coated polyethylene,,,,,,,1925.9856000000002,g/m2day,1900.8000000000002,gum/m2daykPa,0.0001,,,,,,oat starch,individual,None,None,PEG,23.0,50.0
47,Barrier properties of chitosan coated polyethylene,,,,,,,367.68816,g/m2day,362.88,gum/m2daykPa,0.0001,,,,,,oat starch,individual,None,None,PEG,23.0,50.0
48,Barrier properties of chitosan coated polyethylene,,,,,,,15320.34,g/m2day,60480.0,gum/m2daykPa,0.0004,m,21.0,°C,85.0,%,wheat gluten,individual,None,None,,21.0,85.0
49,Barrier properties of chitosan coated polyethylene,,,,,,,114713.87586206896,g/m2day,32832.0,gum/m2daykPa,2.9e-05,m,25.0,°C,52.0,%,amylose,individual,None,None,,25.0,52.0
50,Barrier properties of chitosan coated polyethylene,,,,,,,67701.31199999999,g/m2day,30067.199999999997,gum/m2daykPa,4.5e-05,m,25.0,°C,70.0,%,polyethylene,individual,None,None,,25.0,70.0
51,Barrier properties of chitosan coated polyethylene,378.6052232330301,cm3um/m2dayatm,7.572104464660601,cm3/m2day,,,,,,,5e-05,m,25.0,°C,0.0,%,polyethylene,coated,chitosan,"[‘CS’, ’2.0’, ‘%’]",,25.0,0.0
52,Barrier properties of chitosan coated polyethylene,3.1489172288313507e+21,cm3um/m2dayatm,3.1489172288313508e+19,cm3/m2day,,,,,,,0.0001,,25.0,°C,0.0,%,chitosan,individual,None,None,,25.0,0.0
53,Barrier properties of chitosan coated polyethylene,8.086713505948217e+18,cm3um/m2dayatm,8.086713505948218e+16,cm3/m2day,,,,,,,0.0001,,25.0,°C,0.0,%,chitosan,individual,None,None,,25.0,0.0
54,Barrier properties of chitosan coated polyethylene,63.71350034989504,cm3um/m2dayatm,0.6371350034989505,cm3/m2day,,,,,,,0.0001,,25.0,°C,0.0,%,chitosan,individual,None,None,,25.0,0.0
55,Barrier properties of chitosan coated polyethylene,2653.912341497551,cm3um/m2dayatm,26.53912341497551,cm3/m2day,,,,,,,0.0001,,25.0,°C,96.0,%,chitosan,individual,None,None,,25.0,96.0
56,Barrier properties of chitosan coated polyethylene,536.6637144856544,cm3um/m2dayatm,5.3666371448565435,cm3/m2day,,,,,,,0.0001,,25.0,°C,0.0,%,chitosan,individual,None,"[‘CS’, ’2.0’, ‘%’]","[‘GLY’, ’23.0’, ‘%’]",25.0,0.0
57,Barrier properties of chitosan coated polyethylene,9197.411353393984,cm3um/m2dayatm,91.97411353393983,cm3/m2day,,,,,,,0.0001,,25.0,°C,96.0,%,chitosan,individual,None,"[‘CS’, ’2.0’, ‘%’]","[‘GLY’, ’23.0’, ‘%’]",25.0,96.0
58,Barrier properties of chitosan coated polyethylene,,,,,6.98e-17,gm/m2Pas,,,,,0.0001,,25.0,°C,0.0,%,chitosan,individual,None,None,,25.0,0.0
59,Barrier properties of chitosan coated polyethylene,,,,,7.8e-17,gm/m2Pas,,,,,0.0001,,25.0,°C,96.0,%,chitosan,individual,None,None,,25.0,96.0
60,Barrier properties of chitosan coated polyethylene,,,,,3.82e-16,gm/m2Pas,,,,,0.0001,,25.0,°C,0.0,%,chitosan,individual,None,"[‘CS’, ’2.0’, ‘%’]","[‘GLY’, ’23.0’, ‘%’]",25.0,0.0
61,Barrier properties of chitosan coated polyethylene,,,,,2.664e-15,gm/m2Pas,,,,,0.0001,,25.0,°C,96.0,%,chitosan,individual,None,"[‘CS’, ’2.0’, ‘%’]","[‘GLY’, ’23.0’, ‘%’]",25.0,96.0
62,Barrier properties of chitosan coated polyethylene,,,,,,,43.7724,g/m2day,43.199999999999996,gum/m2daykPa,0.0001,,25.0,°C,45.0,%,polyethylene,individual,None,None,,25.0,45.0
63,Barrier properties of chitosan coated polyethylene,,,,,,,150.187968,g/m2day,66.7008,gum/m2daykPa,4.5e-05,m,25.0,°C,33.0,%,polyethylene,individual,None,None,,25.0,33.0
64,Barrier properties of chitosan coated polyethylene,,,,,,,107.97192,g/m2day,47.952,gum/m2daykPa,4.5e-05,m,25.0,°C,45.0,%,polyethylene,individual,None,None,,25.0,45.0
65,Barrier properties of chitosan coated polyethylene,,,,,,,89.87932799999999,g/m2day,39.916799999999995,gum/m2daykPa,4.5e-05,m,25.0,°C,70.0,%,polyethylene,individual,None,None,,25.0,70.0
66,Barrier properties of chitosan coated polyethylene,,,,,,,225.07768080000002,g/m2day,222.1344,gum/m2daykPa,0.0001,,25.0,°C,33.0,%,chitosan,individual,None,"[‘CS’, ’2.0’, ‘%’]",,25.0,33.0
67,Barrier properties of chitosan coated polyethylene,,,,,,,19259.856,g/m2day,19008.0,gum/m2daykPa,0.0001,,25.0,°C,45.0,%,chitosan,individual,None,"[‘CS’, ’2.0’, ‘%’]",,25.0,45.0
68,Barrier properties of chitosan coated polyethylene,,,,,,,36427.39128,g/m2day,35951.04,gum/m2daykPa,0.0001,,25.0,°C,70.0,%,chitosan,individual,None,"[‘CS’, ’2.0’, ‘%’]",,25.0,70.0
69,Barrier properties of chitosan coated polyethylene,,,,,,,228.84210720000002,g/m2day,225.8496,gum/m2daykPa,0.0001,,25.0,°C,33.0,%,chitosan,individual,None,"[‘CS’, ’2.0’, ‘%’]",glycerol,25.0,33.0
70,Barrier properties of chitosan coated polyethylene,,,,,,,16677.2844,g/m2day,16459.2,gum/m2daykPa,0.0001,,25.0,°C,45.0,%,chitosan,individual,None,"[‘CS’, ’2.0’, ‘%’]",glycerol,25.0,45.0
71,Barrier properties of chitosan coated polyethylene,,,,,,,47361.736800000006,g/m2day,46742.4,gum/m2daykPa,0.0001,,25.0,°C,70.0,%,chitosan,individual,None,"[‘CS’, ’2.0’, ‘%’]",glycerol,25.0,70.0
72,Barrier properties of chitosan coated polyethylene,,,,,,,137.9706048,g/m2day,68.08319999999999,gum/m2daykPa,5e-05,m,25.0,°C,33.0,%,polyethylene,coated,chitosan,"[‘CS’, ’2.0’, ‘%’]",glycerol,25.0,33.0
73,Barrier properties of chitosan coated polyethylene,,,,,,,116.7847632,g/m2day,57.6288,gum/m2daykPa,5e-05,m,25.0,°C,45.0,%,polyethylene,coated,chitosan,"[‘CS’, ’2.0’, ‘%’]",glycerol,25.0,45.0
74,Barrier properties of chitosan coated polyethylene,,,,,,,216.5858352,g/m2day,106.8768,gum/m2daykPa,5e-05,m,25.0,°C,70.0,%,polyethylene,coated,chitosan,"[‘CS’, ’2.0’, ‘%’]",glycerol,25.0,70.0
75,Barrier properties of chitosan coated polyethylene,54095.21231630512,cm3um/m2dayatm,540.9521231630512,cm3/m2day,,,,,,,0.0001,,25.0,°C,0.0,%,chitosan,individual,None,"[‘CS’, ’1.0’, ‘%’]",glycerol,25.0,0.0
76,Gas separation properties of polyether-based polyurethane–silica nanocomposite membranes,,,,,1.3986438847302e-07,cm3cm/m2Pas,,,,,0.0001,m,25.0,°C,,,polyurethane,individual,None,None,,25.0,50.0
77,Gas separation properties of polyether-based polyurethane–silica nanocomposite membranes,,,,,9.00076506503053e-08,cm3cm/m2Pas,,,,,0.0001,m,25.0,°C,,,polyurethane,nanocomposite,silica,"[‘silica’, ’20.0’, ’%’]",,25.0,50.0
78,Gas separation properties of polyether-based polyurethane–silica nanocomposite membranes,1067699.5904651925,cm3um/m2dayatm,10676.995904651925,cm3/m2day,,,,,,,0.0001,m,25.0,°C,,,polyurethane,individual,None, ,,25.0,50.0
79,Gas separation properties of polyether-based polyurethane–silica nanocomposite membranes,504957.5553922084,cm3um/m2dayatm,5049.575553922084,cm3/m2day,,,,,,,0.0001,m,25.0,°C,,,polyurethane,nanocomposite,silica,"[‘silica’, ’20.0’, ’%’]",,25.0,50.0
80,Edible oxygen barrier bilayer film pouches from corn zein and soy protein isolate for olive oil packaging,6e-19,m3m/m2Pas,,,,,,,,,0.0001159,m,25.0,°C,50.0,%,SPI,individual,None,None,,25.0,50.0
81,Edible oxygen barrier bilayer film pouches from corn zein and soy protein isolate for olive oil packaging,8.1e-19,m3m/m2Pas,,,,,,,,,0.0001145,m,25.0,°C,50.0,%,SPI,bilayer,corn zein,None,glycerol,25.0,50.0
82,Edible oxygen barrier bilayer film pouches from corn zein and soy protein isolate for olive oil packaging,3.51e-18,m3m/m2Pas,,,,,,,,,7.65e-05,m,25.0,°C,50.0,%,LDPE,individual,None,None,,25.0,50.0
83,Edible oxygen barrier bilayer film pouches from corn zein and soy protein isolate for olive oil packaging,2.1644e-16,m3m/m2Pas,,,,,,,,,0.0001,,,,,,LDPE,individual,None,None,,23.0,50.0
84,Edible oxygen barrier bilayer film pouches from corn zein and soy protein isolate for olive oil packaging,4.942e-17,m3m/m2Pas,,,,,,,,,0.0001,,,,,,HDPE,individual,None,None,,23.0,50.0
85,Edible oxygen barrier bilayer film pouches from corn zein and soy protein isolate for olive oil packaging,,,,,,,71002.68507333909,g/m2day,81216.0,gum/m2daykPa,0.0001159,m,25.0,°C,50.0,%,SPI,individual,None,None,,25.0,50.0
86,Edible oxygen barrier bilayer film pouches from corn zein and soy protein isolate for olive oil packaging,,,,,,,46639.58777292576,g/m2day,52704.0,gum/m2daykPa,0.0001145,m,25.0,°C,50.0,%,SPI,bilayer,corn zein,None,glycerol,25.0,50.0
87,Edible oxygen barrier bilayer film pouches from corn zein and soy protein isolate for olive oil packaging,,,,,,,114.43764705882353,g/m2day,86.39999999999999,gum/m2daykPa,7.65e-05,m,25.0,°C,50.0,%,LDPE,individual,None,None,,25.0,50.0
88,Gas barrier properties of nanocomposites based on in situ polymerized poly(n-butyl methacrylate) in the presence of surface modified montmorillonite,,,,,4.22285894301016e-08,cm3cm/m2Pas,,,,,0.0001,,25.0,°C,,,poly(n-butyl methacrylate),nanocomposite,montmorillonite,"[‘MMT’, ‘0.0’, ’%’]",,25.0,50.0
89,Gas barrier properties of nanocomposites based on in situ polymerized poly(n-butyl methacrylate) in the presence of surface modified montmorillonite,,,,,1.84515683833126e-08,cm3cm/m2Pas,,,,,0.0001,,25.0,°C,,,poly(n-butyl methacrylate),nanocomposite,montmorillonite,"[‘MMT’, ‘5.0’, ’%’]",,25.0,50.0
90,Gas barrier properties of nanocomposites based on in situ polymerized poly(n-butyl methacrylate) in the presence of surface modified montmorillonite,,,,,2.25019126625763e-08,cm3cm/m2Pas,,,,,0.0001,,25.0,°C,,,poly(n-butyl methacrylate),nanocomposite,montmorillonite,"[‘MMT’, ‘5.0’, ’%’]",,25.0,50.0
91,Gas barrier properties of nanocomposites based on in situ polymerized poly(n-butyl methacrylate) in the presence of surface modified montmorillonite,,,,,1.87515938854803e-08,cm3cm/m2Pas,,,,,0.0001,,25.0,°C,,,poly(n-butyl methacrylate),nanocomposite,montmorillonite,"[‘MMT’, ‘5.0’, ’%’]",,25.0,50.0
92,Soluble soybean polysaccharide A new carbohydrate to make a biodegradable film for sustainable green packaging,,,,,,,10573.592727272728,g/m2day,8035.2,gum/m2daykPa,7.7e-05,m,25.0,°C,75.0,%,soluble soybean polysaccharide,individual,None,None,"[‘GLY’, ’0.0’, ’%’]",25.0,75.0
93,Soluble soybean polysaccharide A new carbohydrate to make a biodegradable film for sustainable green packaging,,,,,,,15906.027042253523,g/m2day,11145.6,gum/m2daykPa,7.1e-05,m,25.0,°C,75.0,%,soluble soybean polysaccharide,individual,None,None,"[‘GLY’, ’20.0’, ’%’]",25.0,75.0
94,Soluble soybean polysaccharide A new carbohydrate to make a biodegradable film for sustainable green packaging,,,,,,,24464.574246575343,g/m2day,17625.6,gum/m2daykPa,7.3e-05,m,25.0,°C,75.0,%,soluble soybean polysaccharide,individual,None,None,"[‘GLY’, ’30.0’, ’%’]",25.0,75.0
95,Soluble soybean polysaccharide A new carbohydrate to make a biodegradable film for sustainable green packaging,,,,,,,35450.24,g/m2day,28339.2,gum/m2daykPa,8.1e-05,m,25.0,°C,75.0,%,soluble soybean polysaccharide,individual,None,None,"[‘GLY’, ’40.0’, ’%’]",25.0,75.0
96,Soluble soybean polysaccharide A new carbohydrate to make a biodegradable film for sustainable green packaging,,,,,,,20310.3936,g/m2day,10022.4,gum/m2daykPa,5e-05,m,25.0,°C,75.0,%,psyllium hydrocolloid,individual,None,None,"[‘GLY’, ’15.0’, ’%’]",25.0,75.0
97,Soluble soybean polysaccharide A new carbohydrate to make a biodegradable film for sustainable green packaging,,,,,,,22469.832000000002,g/m2day,13305.6,gum/m2daykPa,6e-05,m,25.0,°C,75.0,%,psyllium hydrocolloid,individual,None,None,"[‘GLY’, ’25.0’, ’%’]",25.0,75.0
98,Soluble soybean polysaccharide A new carbohydrate to make a biodegradable film for sustainable green packaging,,,,,,,22858.92,g/m2day,16243.199999999999,gum/m2daykPa,7.2e-05,m,25.0,°C,75.0,%,psyllium hydrocolloid,individual,None,None,"[‘GLY’, ’35.0’, ’%’]",25.0,75.0
99,Soluble soybean polysaccharide A new carbohydrate to make a biodegradable film for sustainable green packaging,,,,,,,10213.56,g/m2day,7257.599999999999,gum/m2daykPa,7.2e-05,m,25.0,°C,75.0,%,cellophane,individual,None,None,,25.0,75.0
100,Barrier and surface properties of chitosan-coated greaseproof paper,1600.000000000002,cm3um/m2dayatm,457.14285714285774,cm3/m2day,,,,,,,3.5e-06,m,23.0,°C,0.0,%,greaseproof paper,coated,chitosan,"[‘CS’, ’5.2’, ‘g/m2’]",,23.0,0.0
101,Barrier and surface properties of chitosan-coated greaseproof paper,1799.999999999997,cm3um/m2dayatm,514.2857142857134,cm3/m2day,,,,,,,3.5e-06,m,23.0,°C,0.0,%,greaseproof paper,coated,chitosan,"[‘CS’, ’5.2’, ‘g/m2’]",,23.0,0.0
102,Barrier and surface properties of chitosan-coated greaseproof paper,700.0000000000002,cm3um/m2dayatm,200.00000000000006,cm3/m2day,,,,,,,3.5e-06,m,23.0,°C,0.0,%,greaseproof paper,coated,chitosan,"[‘CS’, ’5.2’, ‘g/m2’]",,23.0,0.0
103,Barrier and surface properties of chitosan-coated greaseproof paper,0.0016000000000000022,cm3um/m2dayatm,1.6000000000000023e-05,cm3/m2day,,,,,,,0.0001,,27.0,°C,65.0,%,chitosan,indiviudal,None,None,,27.0,65.0
104,Barrier and surface properties of chitosan-coated greaseproof paper,,,,,8.11013332602279e-10,cm3cm/m2Pas,,,,,3.5e-06,m,23.0,°C,0.0,%,greaseproof paper,coated,chitosan,"[‘CS’, ’5.2’, ‘g/m2’]",,23.0,0.0
105,Barrier and surface properties of chitosan-coated greaseproof paper,,,,,9.709314e-10,cm3cm/m2Pas,,,,,3.5e-06,m,23.0,°C,0.0,%,greaseproof paper,coated,chitosan,"[‘CS’, ’5.2’, ‘g/m2’]",,23.0,0.0
106,Application of bioplastics for food packaging,,,,,,,3605.871886120768,g/m2day,711.7437722419478,gum/m2daykPa,2e-05,m,23.0,°C,75.0,%,paperboard,coated,PLA,"[‘PLA’, ’35.0’, ‘g/m2’]",,23.0,75.0
107,Application of bioplastics for food packaging,,,,,,,3125.08896797147,g/m2day,616.8446026097153,gum/m2daykPa,2e-05,m,23.0,°C,75.0,%,paperboard,coated,PLA,"[‘PLA’, ’35.0’, ‘g/m2’]",,23.0,75.0
108,Application of bioplastics for food packaging,,,,,,,48.07829181494556,g/m2day,9.489916963226362,gum/m2daykPa,2e-05,m,23.0,°C,75.0,%,paperboard,coated,"PLA, Al2O3","[[‘PLA’, ’35.0’, ‘g/m2’], [‘Al2O3’, ’25.0’, ‘nm’]]",,23.0,75.0
109,Application of bioplastics for food packaging,,,2.31481481481481e-10,cm3/m2Pas,,,,,,,2e-05,m,23.0,°C,50.0,%,paperboard,coated,"PLA, Al2O3","[[‘PLA’, ’35.0’, ‘g/m2’], [‘Al2O3’, ’25.0’, ‘nm’]]",,23.0,50.0
110,Application of bioplastics for food packaging,,,4.62962962962963e-08,cm3/m2Pas,,,,,,,2e-05,m,23.0,°C,50.0,%,paperboard,coated,PLA,"[‘PLA’, ’35.0’, ‘g/m2’]",,23.0,50.0
111,Application of bioplastics for food packaging,,,8.125e-08,cm3/m2Pas,,,,,,,2e-05,m,23.0,°C,50.0,%,polylactic acid,individual,None,None,,23.0,50.0
112,Application of bioplastics for food packaging,,,4.86111111111111e-08,cm3/m2Pas,,,,,,,2e-05,m,23.0,°C,50.0,%,paperboard,coated,PLA,"[‘PLA’, ’35.0’, ‘g/m2’]",,23.0,50.0
113,Application of bioplastics for food packaging,,,2.3148148148148102e-09,cm3/m2Pas,,,,,,,2e-05,m,23.0,°C,50.0,%,paperboard,coated,"PLA, Al2O3","[[‘PLA’, ’35.0’, ‘g/m2’], [‘Al2O3’, ’25.0’, ‘nm’]]",,23.0,50.0
114,Application of bioplastics for food packaging,,,1.38888888888889e-09,cm3/m2Pas,,,,,,,2e-05,m,23.0,°C,50.0,%,paperboard,coated,"PLA, Al2O3","[[‘PLA’, ’35.0’, ‘g/m2’], [‘Al2O3’, ’25.0’, ‘nm’]]",,23.0,50.0
115,Gas permeation properties of poly(lactic acid),,,,,0.013598844,cm3cm/m2Pas,,,,,0.0001,,30.0,°C,,,polylactic acid,individual,None,None,,30.0,50.0
116,Gas permeation properties of poly(lactic acid),,,,,0.000266644,cm3cm/m2Pas,,,,,0.0001,,30.0,°C,,,polyethylene terephthalate,individual,None,None,,30.0,50.0
117,Gas permeation properties of poly(lactic acid),385164378244.7912,cm3um/m2dayatm,3851643782.447912,cm3/m2day,,,,,,,0.0001,,30.0,°C,,,polylactic acid,individual,None,None,,30.0,50.0
118,Gas permeation properties of poly(lactic acid),4668659130.24,cm3um/m2dayatm,46686591.3024,cm3/m2day,,,,,,,0.0001,,30.0,°C,,,polyethylene terephthalate,individual,None,None,,30.0,50.0
119,Gas transfer properties of wheat gluten coated paper adapted to eMAP of fresh parsley,,,,,6.779e-14,molm/m2Pas,,,,,7.35e-05,m,20.0,°C,90.0,%,paper,coated,wheat gluten,"[‘WG’, ’20.7’, ‘g/m2’]",,20.0,90.0
120,Gas transfer properties of wheat gluten coated paper adapted to eMAP of fresh parsley,,,,,1.84e-15,molm/m2Pas,,,,,7.35e-05,m,20.0,°C,70.0,%,paper,coated,wheat gluten,"[‘WG’, ’20.7’, ‘g/m2’]",,20.0,70.0
121,Gas transfer properties of wheat gluten coated paper adapted to eMAP of fresh parsley,,,,,2.7242e-14,molm/m2Pas,,,,,7.35e-05,m,20.0,°C,0.0,%,paper,coated,wheat gluten,"[‘WG’, ’20.7’, ‘g/m2’]",,20.0,0.0
122,Gas transfer properties of wheat gluten coated paper adapted to eMAP of fresh parsley,,,,,7.4e-18,molm/m2Pas,,,,,0.0001,,20.0,°C,0.0,%,wheat gluten,individual,None,None,,20.0,0.0
123,Gas transfer properties of wheat gluten coated paper adapted to eMAP of fresh parsley,,,,,,,,,1.27e-11,molm/m2Pas,7.35e-05,m,25.0,°C,100.0,%,paper,coated,wheat gluten,"[‘WG’, ’20.7’, ‘g/m2’]",,25.0,100.0
124,Gas transfer properties of wheat gluten coated paper adapted to eMAP of fresh parsley,8.512e-15,molm/m2Pas,,,,,,,,,7.35e-05,m,20.0,°C,90.0,%,paper,coated,wheat gluten,"[‘WG’, ’20.7’, ‘g/m2’]",,20.0,90.0
125,Gas transfer properties of wheat gluten coated paper adapted to eMAP of fresh parsley,2.7242e-14,molm/m2Pas,,,,,,,,,7.35e-05,m,20.0,°C,0.0,%,paper,coated,wheat gluten,"[‘WG’, ’20.7’, ‘g/m2’]",,20.0,0.0
126,Gas transfer properties of wheat gluten coated paper adapted to eMAP of fresh parsley,2.22e-15,molm/m2Pas,,,,,,,,,7.35e-05,m,20.0,°C,70.0,%,paper,coated,wheat gluten,"[‘WG’, ’20.7’, ‘g/m2’]",,20.0,70.0
127,Gas transfer properties of wheat gluten coated paper adapted to eMAP of fresh parsley,2.16e-15,molm/m2Pas,,,,,,,,,7.35e-05,m,20.0,°C,0.0,%,paper,coated,wheat gluten,"[‘WG’, ’20.7’, ‘g/m2’]",,20.0,0.0
128,Gas transfer properties of wheat gluten coated paper adapted to eMAP of fresh parsley,1.24e-18,molm/m2Pas,,,,,,,,,0.0001,,20.0,°C,0.0,%,wheat gluten,individual,None,None,,20.0,0.0
129,Gas transfer properties of wheat gluten coated paper adapted to eMAP of fresh parsley,,,,,,,,,3.7e-11,molm/m2Pas,7.35e-05,m,25.0,°C,100.0,%,paper,coated,wheat gluten,"[‘WG’, ’20.7’, ‘g/m2’]",,25.0,100.0
130,Antiplasticisation and oxygen permeability of starch–sorbitol films,13.13172,cm3um/m2dayatm,0.02626344,cm3/m2day,,,,,,,0.0005,m,20.0,°C,57.0,%,starch,individual,None,None,"[‘sorbitol’,’8.8’, ‘wt%’]",20.0,57.0
131,Antiplasticisation and oxygen permeability of starch–sorbitol films,125.189064,cm3um/m2dayatm,0.250378128,cm3/m2day,,,,,,,0.0005,m,20.0,°C,57.0,%,starch,individual,None,None,"[‘sorbitol’,’0.0’, ‘wt%’]",20.0,57.0
132,Antiplasticisation and oxygen permeability of starch–sorbitol films,376.44264,cm3um/m2dayatm,0.75288528,cm3/m2day,,,,,,,0.0005,m,20.0,°C,90.0,%,starch,individual,None,None,"[‘sorbitol’,’8.8’, ‘wt%’]",20.0,90.0
133,Antiplasticisation and oxygen permeability of starch–sorbitol films,27.138887999999998,cm3um/m2dayatm,0.05427777599999999,cm3/m2day,,,,,,,0.0005,m,20.0,°C,57.0,%,starch,individual,None,None,"[‘sorbitol’,’21.0’, ‘wt%’]",20.0,57.0
134,Antiplasticisation and oxygen permeability of starch–sorbitol films,10.505376,cm3um/m2dayatm,0.021010752,cm3/m2day,,,,,,,0.0005,m,20.0,°C,0.0,%,EVOH,individual,None,None,,20.0,0.0
135,Antiplasticisation and oxygen permeability of starch–sorbitol films,126.93996000000001,cm3um/m2dayatm,0.25387992000000004,cm3/m2day,,,,,,,0.0005,m,20.0,°C,57.0,%,starch,individual,None,None,"[‘sorbitol’,’24.3’, ‘wt%’]",20.0,57.0
136,Antiplasticisation and oxygen permeability of starch–sorbitol films,32.391576,cm3um/m2dayatm,0.064783152,cm3/m2day,,,,,,,0.0005,m,20.0,°C,,,starch,individual,None,None,"[‘sorbitol’,’0.0’, ‘wt%’]",20.0,50.0
137,Antiplasticisation and oxygen permeability of starch–sorbitol films,875448.0,cm3um/m2dayatm,1750.896,cm3/m2day,,,,,,,0.0005,m,20.0,°C,,,starch,individual,None,None,"[‘sorbitol’,’28.0’, ‘wt%’]",20.0,50.0
138,Antiplasticisation and oxygen permeability of starch–sorbitol films,81819.37008000001,cm3um/m2dayatm,163.63874016000003,cm3/m2day,,,,,,,0.0005,m,20.0,°C,90.0,%,starch,individual,None,None,"[‘sorbitol’,’28.0’, ‘wt%’]",20.0,90.0
139,"Water vapor permeability, tensile properties and solubility of methylcellulose-based edible films",,,,,,,47592.53672727273,g/m2day,5166.72,gum/m2daykPa,1.1e-05,m,25.0,°C,50.0,%,methylcellulose,individual,None,"[[‘MC’, ’1.5’, ’%’], [‘EtOH’, ’50.0’, ‘%’]]",,25.0,50.0
140,"Water vapor permeability, tensile properties and solubility of methylcellulose-based edible films",,,,,,,26469.42776470588,g/m2day,4440.96,gum/m2daykPa,1.7e-05,m,25.0,°C,50.0,%,methylcellulose,individual,None,"[[‘MC’, ’3.0’, ’%’], [‘EtOH’, ’50.0’, ‘%’]]",,25.0,50.0
141,"Water vapor permeability, tensile properties and solubility of methylcellulose-based edible films",,,,,,,22761.647999999997,g/m2day,4268.16,gum/m2daykPa,1.9e-05,m,25.0,°C,50.0,%,methylcellulose,individual,None,"[[‘MC’, ’4.0’, ’%’], [‘EtOH’, ’50.0’, ‘%’]]",,25.0,50.0
142,"Water vapor permeability, tensile properties and solubility of methylcellulose-based edible films",,,,,,,17609.973230769232,g/m2day,4518.72,gum/m2daykPa,2.6e-05,m,25.0,°C,50.0,%,methylcellulose,individual,None,"[[‘MC’, ’5.0’, ’%’], [‘EtOH’, ’50.0’, ‘%’]]",,25.0,50.0
143,"Water vapor permeability, tensile properties and solubility of methylcellulose-based edible films",,,,,,,19150.425,g/m2day,4536.0,gum/m2daykPa,2.4e-05,m,25.0,°C,50.0,%,methylcellulose,individual,None,"[[‘MC’, ’6.0’, ’%’], [‘EtOH’, ’50.0’, ‘%’]]",,25.0,50.0
144,"Water vapor permeability, tensile properties and solubility of methylcellulose-based edible films",,,,,,,42313.32,g/m2day,10022.4,gum/m2daykPa,2.4e-05,m,25.0,°C,50.0,%,methylcellulose,individual,None,"[[‘MC’, ’3.0’, ’%’], [‘EtOH’, ’75.0’, ‘%’]]","[‘PEG400’,’0.66’,’%’]",25.0,50.0
145,"Water vapor permeability, tensile properties and solubility of methylcellulose-based edible films",,,,,,,40319.244000000006,g/m2day,7162.56,gum/m2daykPa,1.8e-05,m,25.0,°C,50.0,%,methylcellulose,individual,None,"[[‘MC’, ’3.0’, ’%’], [‘EtOH’, ’67.0’, ‘%’]]","[‘PEG400’,’0.66’,’%’]",25.0,50.0
146,"Water vapor permeability, tensile properties and solubility of methylcellulose-based edible films",,,,,,,36331.092,g/m2day,6454.08,gum/m2daykPa,1.8e-05,m,25.0,°C,50.0,%,methylcellulose,individual,None,"[[‘MC’, ’3.0’, ’%’], [‘EtOH’, ’50.0’, ‘%’]]","[‘PEG400’,’0.66’,’%’]",25.0,50.0
147,"Water vapor permeability, tensile properties and solubility of methylcellulose-based edible films",,,,,,,38365.221176470586,g/m2day,6436.8,gum/m2daykPa,1.7e-05,m,25.0,°C,50.0,%,methylcellulose,individual,None,"[[‘MC’, ’3.0’, ’%’], [‘EtOH’, ’25.0’, ‘%’]]","[‘PEG400’,’0.66’,’%’]",25.0,50.0
148,"Water vapor permeability, tensile properties and solubility of methylcellulose-based edible films",,,,,,,38136.7035,g/m2day,6022.08,gum/m2daykPa,1.6e-05,m,25.0,°C,50.0,%,methylcellulose,individual,None,"[[‘MC’, ’3.0’, ’%’], [‘EtOH’, ’0.0’, ‘%’]]","[‘PEG400’,’0.66’,’%’]",25.0,50.0
149,"Water vapor permeability, tensile properties and solubility of methylcellulose-based edible films",,,,,,,41336.370782608705,g/m2day,9383.04,gum/m2daykPa,2.3e-05,m,25.0,°C,50.0,%,methylcellulose,individual,None,"[[‘MC’, ’3.0’, ’%’], [‘EtOH’, ’75.0’, ‘%’]]",,25.0,50.0
150,"Water vapor permeability, tensile properties and solubility of methylcellulose-based edible films",,,,,,,34914.92611764706,g/m2day,5857.92,gum/m2daykPa,1.7e-05,m,25.0,°C,50.0,%,methylcellulose,individual,None,"[[‘MC’, ’3.0’, ’%’], [‘EtOH’, ’67.0’, ‘%’]]",,25.0,50.0
151,"Water vapor permeability, tensile properties and solubility of methylcellulose-based edible films",,,,,,,26469.42776470588,g/m2day,4440.96,gum/m2daykPa,1.7e-05,m,25.0,°C,50.0,%,methylcellulose,individual,None,"[[‘MC’, ’3.0’, ’%’], [‘EtOH’, ’50.0’, ‘%’]]",,25.0,50.0
152,"Water vapor permeability, tensile properties and solubility of methylcellulose-based edible films",,,,,,,21834.70305882353,g/m2day,3663.3599999999997,gum/m2daykPa,1.7e-05,m,25.0,°C,50.0,%,methylcellulose,individual,None,"[[‘MC’, ’3.0’, ’%’], [‘EtOH’, ’25.0’, ‘%’]]",,25.0,50.0
153,"Water vapor permeability, tensile properties and solubility of methylcellulose-based edible films",,,,,,,13540.262400000001,g/m2day,2004.48,gum/m2daykPa,1.5e-05,m,25.0,°C,50.0,%,methylcellulose,individual,None,"[[‘MC’, ’3.0’, ’%’], [‘EtOH’, ’0.0’, ‘%’]]",,25.0,50.0
154,"Water vapor permeability, tensile properties and solubility of methylcellulose-based edible films",,,,,,,40544.1855,g/m2day,6402.24,gum/m2daykPa,1.6e-05,m,25.0,°C,50.0,%,methylcellulose,individual,None,"[[‘MC’, ’3.0’, ’%’], [‘EtOH’, ’0.0’, ‘%’]]","[‘PEG1450’,’0.66’,’%’]",25.0,50.0
155,"Water vapor permeability, tensile properties and solubility of methylcellulose-based edible films",,,,,,,40051.74600000001,g/m2day,6324.4800000000005,gum/m2daykPa,1.6e-05,m,25.0,°C,50.0,%,methylcellulose,individual,None,"[[‘MC’, ’3.0’, ’%’], [‘EtOH’, ’0.0’, ‘%’]]","[‘PEG4000’,’0.66’,’%’]",25.0,50.0
156,"Water vapor permeability, tensile properties and solubility of methylcellulose-based edible films",,,,,,,34348.45976470588,g/m2day,5762.88,gum/m2daykPa,1.7e-05,m,25.0,°C,50.0,%,methylcellulose,individual,None,"[[‘MC’, ’3.0’, ’%’], [‘EtOH’, ’0.0’, ‘%’]]","[‘PEG8000’,’0.66’,’%’]",25.0,50.0
157,"Water vapor permeability, tensile properties and solubility of methylcellulose-based edible films",,,,,,,76.163976,g/m2day,75.168,gum/m2daykPa,0.0001,,,,,,LDPE,individual,None,None,,23.0,50.0
158,"Water vapor permeability, tensile properties and solubility of methylcellulose-based edible films",,,,,,,19.259856,g/m2day,19.008,gum/m2daykPa,0.0001,,,,,,HDPE,individual,None,None,,23.0,50.0
159,Barrier and mechanical properties of carrot puree films,1774.5330960000001,cm3um/m2dayatm,17.74533096,cm3/m2day,,,,,,,0.0001,,23.0,°C,50.0,%,carrot puree,blend,CMC,"[[‘CMC’, ’0.3’, ’%’], [‘corn starch’, ’3.0’,’%’], [‘gelatin’,’0.3’,’%’]]","[‘GLY’, ’6.30’, ‘%’]",23.0,50.0
160,Barrier and mechanical properties of carrot puree films,1582.809984,cm3um/m2dayatm,15.82809984,cm3/m2day,,,,,,,0.0001,,23.0,°C,50.0,%,carrot puree,blend,CMC,"[[‘CMC’,’0.3’,’%’], [‘corn starch’, ’3.0’,’%’], [‘gelatin’,’0.3’,’%’]]","[‘GLY’, ’5.04’, ’%’]",23.0,50.0
161,Barrier and mechanical properties of carrot puree films,1300.9157280000002,cm3um/m2dayatm,13.009157280000002,cm3/m2day,,,,,,,0.0001,,23.0,°C,50.0,%,carrot puree,blend,CMC,"[[‘CMC’,’0.3’,’%’], [‘corn starch’, ’3.0’,’%’], [‘gelatin’,’0.3’,’%’]]","[‘GLY’, ’3.78’, ’%’]",23.0,50.0
162,Barrier and mechanical properties of carrot puree films,1203.741,cm3um/m2dayatm,12.03741,cm3/m2day,,,,,,,0.0001,,23.0,°C,50.0,%,carrot puree,blend,CMC,"[[‘CMC’,’0.3’,’%’], [‘corn starch’, ’3.0’,’%’], [‘gelatin’,’0.3’,’%’]]","[‘GLY’, ’2.52’, ‘%’]",23.0,50.0
163,Barrier and mechanical properties of carrot puree films,1144.210536,cm3um/m2dayatm,11.442105360000001,cm3/m2day,,,,,,,0.0001,,23.0,°C,50.0,%,carrot puree,blend,CMC,"[[‘CMC’,’0.3’,’%’], [‘corn starch’, ’3.0’,’%’], [‘gelatin’,’0.3’,’%’]]","[‘GLY’, ’1.26’, ‘%’]",23.0,50.0
164,Barrier and mechanical properties of carrot puree films,1100.438136,cm3um/m2dayatm,11.00438136,cm3/m2day,,,,,,,0.0001,,23.0,°C,50.0,%,carrot puree,blend,CMC,"[[‘CMC’,’0.3’,’%’], [‘corn starch’, ’3.0’,’%’], [‘gelatin’,’0.3’,’%’]]","[’GLY’, ’0’, ’%’]",23.0,50.0
165,Barrier and mechanical properties of carrot puree films,,,,,,,580509.5688,g/m2day,572918.4,gum/m2daykPa,0.0001,,25.0,°C,,,carrot puree,blend,CMC,"[[‘CMC’,’0.3’,’%’], [‘corn starch’, ’3.0’,’%’], [‘gelatin’,’0.3’,’%’]]","[‘GLY’, ’6.30’, ‘%’]",25.0,50.0
166,Barrier and mechanical properties of carrot puree films,,,,,,,427743.89280000003,g/m2day,422150.39999999997,gum/m2daykPa,0.0001,,25.0,°C,,,carrot puree,blend,CMC,"[[‘CMC’,’0.3’,’%’], [‘corn starch’, ’3.0’,’%’], [‘gelatin’,’0.3’,’%’]]","[‘GLY’, ’5.04’, ’%’]",25.0,50.0
167,Barrier and mechanical properties of carrot puree films,,,,,,,248977.4112,g/m2day,245721.6,gum/m2daykPa,0.0001,,25.0,°C,,,carrot puree,blend,CMC,"[[‘CMC’,’0.3’,’%’], [‘corn starch’, ’3.0’,’%’], [‘gelatin’,’0.3’,’%’]]","[‘GLY’, ’3.78’, ’%’]",25.0,50.0
168,Barrier and mechanical properties of carrot puree films,,,,,,,202053.3984,g/m2day,199411.19999999998,gum/m2daykPa,0.0001,,25.0,°C,,,carrot puree,blend,CMC,"[[‘CMC’,’0.3’,’%’], [‘corn starch’, ’3.0’,’%’], [‘gelatin’,’0.3’,’%’]]","[‘GLY’, ’2.52’, ‘%’]",25.0,50.0
169,Barrier and mechanical properties of carrot puree films,,,,,,,185770.06559999997,g/m2day,183340.8,gum/m2daykPa,0.0001,,25.0,°C,,,carrot puree,blend,CMC,"[[‘CMC’,’0.3’,’%’], [‘corn starch’, ’3.0’,’%’], [‘gelatin’,’0.3’,’%’]]","[‘GLY’, ’1.26’, ‘%’]",25.0,50.0
170,Barrier and mechanical properties of carrot puree films,,,,,,,154166.3928,g/m2day,152150.4,gum/m2daykPa,0.0001,,25.0,°C,,,carrot puree,blend,CMC,"[[‘CMC’,’0.3’,’%’], [‘corn starch’, ’3.0’,’%’], [‘gelatin’,’0.3’,’%’]]","[’GLY’, ’0’, ’%’]",25.0,50.0
171,Barrier and mechanical properties of carrot puree films,1208.993688,cm3um/m2dayatm,12.08993688,cm3/m2day,,,,,,,0.0001,,23.0,°C,50.0,%,carrot puree,blend,gelatin,"[[‘CMC’,’0.3’,’%’], [‘corn starch’, ’3.0’,’%’], [‘gelatin’,’0.5’,’%’]]","[‘GLY’,’3.78’, ‘%’]",23.0,50.0
172,Barrier and mechanical properties of carrot puree films,1135.456056,cm3um/m2dayatm,11.35456056,cm3/m2day,,,,,,,0.0001,,23.0,°C,50.0,%,carrot puree,blend,gelatin,"[[‘CMC’,’0.3’,’%’], [‘corn starch’, ’3.0’,’%’], [‘gelatin’,’0.4’,’%’]]","[‘GLY’,’3.78’, ‘%’]",23.0,50.0
173,Barrier and mechanical properties of carrot puree films,1223.0008559999999,cm3um/m2dayatm,12.230008559999998,cm3/m2day,,,,,,,0.0001,,23.0,°C,50.0,%,carrot puree,blend,gelatin,"[[‘CMC’,’0.3’,’%’], [‘corn starch’, ’3.0’,’%’], [‘gelatin’,’0.3’,’%’]]","[‘GLY’,’3.78’, ‘%’]",23.0,50.0
174,Barrier and mechanical properties of carrot puree films,1171.349424,cm3um/m2dayatm,11.71349424,cm3/m2day,,,,,,,0.0001,,23.0,°C,50.0,%,carrot puree,blend,gelatin,"[[‘CMC’,’0.3’,’%’], [‘corn starch’, ’3.0’,’%’], [‘gelatin’,’0.2’,’%’]]","[‘GLY’,’3.78’, ‘%’]",23.0,50.0
175,Barrier and mechanical properties of carrot puree films,1295.66304,cm3um/m2dayatm,12.9566304,cm3/m2day,,,,,,,0.0001,,23.0,°C,50.0,%,carrot puree,blend,gelatin,"[[‘CMC’,’0.3’,’%’], [‘corn starch’,’3.0’,’%’], [‘gelatin’,’0.1’,’%’]]","[‘GLY’,’3.78’, ‘%’]",23.0,50.0
176,Barrier and mechanical properties of carrot puree films,1275.527736,cm3um/m2dayatm,12.755277360000001,cm3/m2day,,,,,,,0.0001,,23.0,°C,50.0,%,carrot puree,blend,gelatin,"[[‘CMC’,’0.3’,’%’], [‘corn starch’, ’3.0’,’%’], [‘gelatin’,’0.0’,’%’]]","[‘GLY’,’3.78’, ‘%’]",23.0,50.0
177,Barrier and mechanical properties of carrot puree films,,,,,,,251428.66559999998,g/m2day,248140.8,gum/m2daykPa,0.0001,,25.0,°C,,,carrot puree,blend,gelatin,"[[‘CMC’,’0.3’,’%’], [‘corn starch’, ’3.0’,’%’], [‘gelatin’,’0.5’,’%’]]","[‘GLY’,’3.78’, ‘%’]",25.0,50.0
178,Barrier and mechanical properties of carrot puree films,,,,,,,211333.14720000004,g/m2day,208569.6,gum/m2daykPa,0.0001,,25.0,°C,,,carrot puree,blend,gelatin,"[[‘CMC’,’0.3’,’%’], [‘corn starch’, ’3.0’,’%’], [‘gelatin’,’0.4’,’%’]]","[‘GLY’,’3.78’, ‘%’]",25.0,50.0
179,Barrier and mechanical properties of carrot puree films,,,,,,,188746.5888,g/m2day,186278.4,gum/m2daykPa,0.0001,,25.0,°C,,,carrot puree,blend,gelatin,"[[‘CMC’,’0.3’,’%’], [‘corn starch’, ’3.0’,’%’], [‘gelatin’,’0.3’,’%’]]","[‘GLY’,’3.78’, ‘%’]",25.0,50.0
180,Barrier and mechanical properties of carrot puree films,,,,,,,237333.9528,g/m2day,234230.4,gum/m2daykPa,0.0001,,25.0,°C,,,carrot puree,blend,gelatin,"[[‘CMC’,’0.3’,’%’], [‘corn starch’, ’3.0’,’%’], [‘gelatin’,’0.2’,’%’]]","[‘GLY’,’3.78’, ‘%’]",25.0,50.0
181,Barrier and mechanical properties of carrot puree films,,,,,,,303692.9112,g/m2day,299721.6,gum/m2daykPa,0.0001,,25.0,°C,,,carrot puree,blend,gelatin,"[[‘CMC’,’0.3’,’%’],  [‘corn starch’, ’3.0’,’%’], [‘gelatin’,’0.1’,’%’]]","[‘GLY’,’3.78’, ‘%’]",25.0,50.0
182,Barrier and mechanical properties of carrot puree films,,,,,,,335121.49439999997,g/m2day,330739.19999999995,gum/m2daykPa,0.0001,,25.0,°C,,,carrot puree,blend,gelatin,"[[‘CMC’,’0.3’,’%’], [‘corn starch’, ’3.0’,’%’], [‘gelatin’,’0.0’,’%’]]","[‘GLY’,’3.78’, ‘%’]",25.0,50.0
183,Barrier and mechanical properties of carrot puree films,1189.733832,cm3um/m2dayatm,11.89733832,cm3/m2day,,,,,,,0.0001,,23.0,°C,50.0,%,carrot puree,blend,CMC,"[[‘CMC’,’1.0’,’%’], [‘corn starch’, ’3.0’,’%’], [‘gelatin’,’0.3’,’%’]]","[‘GLY’,’3.78’, ‘%’]",23.0,50.0
184,Barrier and mechanical properties of carrot puree films,1201.990104,cm3um/m2dayatm,12.01990104,cm3/m2day,,,,,,,0.0001,,23.0,°C,50.0,%,carrot puree,blend,CMC,"[[‘CMC’,’0.7’,’%’], [‘corn starch’, ’3.0’,’%’], [‘gelatin’,’0.3’,’%’]]","[‘GLY’,’3.78’, ‘%’]",23.0,50.0
185,Barrier and mechanical properties of carrot puree films,1204.616448,cm3um/m2dayatm,12.04616448,cm3/m2day,,,,,,,0.0001,,23.0,°C,50.0,%,carrot puree,blend,CMC,"[[‘CMC’,’0.5’,’%’], [‘corn starch’, ’3.0’,’%’], [‘gelatin’,’0.3’,’%’]]","[‘GLY’,’3.78’, ‘%’]",23.0,50.0
186,Barrier and mechanical properties of carrot puree films,1223.876304,cm3um/m2dayatm,12.238763039999998,cm3/m2day,,,,,,,0.0001,,23.0,°C,50.0,%,carrot puree,blend,CMC,"[[‘CMC’,’0.3’,’%’], [‘corn starch’, ’3.0’,’%’], [‘gelatin’,’0.3’,’%’]]","[‘GLY’,’3.78’, ‘%’]",23.0,50.0
187,Barrier and mechanical properties of carrot puree films,1247.5134,cm3um/m2dayatm,12.475134,cm3/m2day,,,,,,,0.0001,,23.0,°C,50.0,%,carrot puree,blend,CMC,"[[‘CMC’,’0.1’,’%’], [‘corn starch’, ’3.0’,’%’], [‘gelatin’,’0.3’,’%’]]","[‘GLY’,’3.78’, ‘%’]",23.0,50.0
188,Barrier and mechanical properties of carrot puree films,1272.025944,cm3um/m2dayatm,12.72025944,cm3/m2day,,,,,,,0.0001,,23.0,°C,50.0,%,carrot puree,blend,CMC,"[[‘CMC’,’0.0’,’%’], [‘corn starch’, ’3.0’,’%’], [‘gelatin’,’0.3’,’%’]]","[‘GLY’,’3.78’, ‘%’]",23.0,50.0
189,Barrier and mechanical properties of carrot puree films,,,,,,,286446.5856,g/m2day,282700.8,gum/m2daykPa,0.0001,,25.0,°C,,,carrot puree,blend,CMC,"[[‘CMC’,’1.0’,’%’], [‘corn starch’, ’3.0’,’%’], [‘gelatin’,’0.3’,’%’]]","[‘GLY’,’3.78’, ‘%’]",25.0,50.0
190,Barrier and mechanical properties of carrot puree films,,,,,,,276028.75440000003,g/m2day,272419.2,gum/m2daykPa,0.0001,,25.0,°C,,,carrot puree,blend,CMC,"[[‘CMC’,’0.7’,’%’], [‘corn starch’, ’3.0’,’%’], [‘gelatin’,’0.3’,’%’]]","[‘GLY’,’3.78’, ‘%’]",25.0,50.0
191,Barrier and mechanical properties of carrot puree films,,,,,,,235407.9672,g/m2day,232329.6,gum/m2daykPa,0.0001,,25.0,°C,,,carrot puree,blend,CMC,"[[‘CMC’,’0.5’,’%’], [‘corn starch’, ’3.0’,’%’], [‘gelatin’,’0.3’,’%’]]","[‘GLY’,’3.78’, ‘%’]",25.0,50.0
192,Barrier and mechanical properties of carrot puree films,,,,,,,213784.40160000004,g/m2day,210988.80000000002,gum/m2daykPa,0.0001,,25.0,°C,,,carrot puree,blend,CMC,"[[‘CMC’,’0.3’,’%’], [‘corn starch’, ’3.0’,’%’], [‘gelatin’,’0.3’,’%’]]","[‘GLY’,’3.78’, ‘%’]",25.0,50.0
193,Barrier and mechanical properties of carrot puree films,,,,,,,200127.41280000002,g/m2day,197510.40000000002,gum/m2daykPa,0.0001,,25.0,°C,,,carrot puree,blend,CMC,"[[‘CMC’,’0.1’,’%’], [‘corn starch’, ’3.0’,’%’], [‘gelatin’,’0.3’,’%’]]","[‘GLY’,’3.78’, ‘%’]",25.0,50.0
194,Barrier and mechanical properties of carrot puree films,,,,,,,190935.2088,g/m2day,188438.4,gum/m2daykPa,0.0001,,25.0,°C,,,carrot puree,blend,CMC,"[[‘CMC’,’0.0’,’%’], [‘corn starch’, ’3.0’,’%’], [‘gelatin’,’0.3’,’%’]]","[‘GLY’,’3.78’, ‘%’]",25.0,50.0
195,Water vapor and oxygen-barrier performance of corn–zein coated polypropylene films,,,,,,,10359.467999999972,g/m2day,10223.99999999997,gum/m2daykPa,0.0001,,25.0,°C,60.0,%,polypropylene,individual,None,None,,25.0,60.0
196,Water vapor and oxygen-barrier performance of corn–zein coated polypropylene films,,,0.0231481481481481,cm3/m2s,,,,,,,0.0001,,23.0,°C,0.0,%,polypropylene,individual,None,None,,23.0,0.0
197,Water vapor and oxygen-barrier performance of corn–zein coated polypropylene films,,,0.0053935185185185,cm3/m2s,,,,,,,4e-06,m,23.0,°C,0.0,%,polypropylene,coated,corn–zein,"[‘CZ’, ’15.0’, ’%’]","[‘PEG’, ’0.2’, ’%’]",23.0,0.0
198,Water vapor and oxygen-barrier performance of corn–zein coated polypropylene films,,,0.009386574074074,cm3/m2s,,,,,,,4e-06,m,23.0,°C,0.0,%,polypropylene,coated,corn–zein,"[‘CZ’, ‘5.0’, ’%’]","[‘PEG’, ’0.2’, ’%’]",23.0,0.0
199,Water vapor and oxygen-barrier performance of corn–zein coated polypropylene films,,,0.0099305555555555,cm3/m2s,,,,,,,4e-06,m,23.0,°C,0.0,%,polypropylene,coated,corn–zein,"[‘CZ’, ’5.0’, ’%’]","[‘PEG’, ’0.5’, ’%’]",23.0,0.0
200,Water vapor and oxygen-barrier performance of corn–zein coated polypropylene films,,,0.007048611111111,cm3/m2s,,,,,,,4e-06,m,23.0,°C,0.0,%,polypropylene,coated,corn–zein,"[‘CZ’, ‘5.0’, ’%’]","[‘GLY’, ’0.2’, ’%’]",23.0,0.0
201,Water vapor and oxygen-barrier performance of corn–zein coated polypropylene films,,,0.0056481481481481,cm3/m2s,,,,,,,4e-06,m,23.0,°C,0.0,%,polypropylene,coated,corn–zein,"[‘CZ’, ’5.0’, ’%’]","[‘GLY’, ’0.5’, ’%’]",23.0,0.0
202,Water vapor and oxygen-barrier performance of corn–zein coated polypropylene films,,,,,,,55080.27000000007,g/m2day,2174.400000000003,gum/m2daykPa,4e-06,m,25.0,°C,60.0,%,polypropylene,coated,corn–zein,"[‘CZ’, ‘5.0’, ’%’]","[‘PEG’, ’0.2’, ’%’]",25.0,60.0
203,Water vapor and oxygen-barrier performance of corn–zein coated polypropylene films,,,,,,,240748.2,g/m2day,9504.0,gum/m2daykPa,4e-06,m,25.0,°C,60.0,%,polypropylene,coated,corn–zein,"[‘CZ’, ’5.0’, ’%’]","[‘PEG’, ’0.5’, ’%’]",25.0,60.0
204,Water vapor and oxygen-barrier performance of corn–zein coated polypropylene films,,,,,,,34653.14999999993,g/m2day,1367.999999999997,gum/m2daykPa,4e-06,m,25.0,°C,60.0,%,polypropylene,coated,corn–zein,"[‘CZ’, ‘5.0’, ’%’]","[‘GLY’, ’0.2’, ’%’]",25.0,60.0
205,Water vapor and oxygen-barrier performance of corn–zein coated polypropylene films,,,,,,,78425.54999999992,g/m2day,3095.9999999999964,gum/m2daykPa,4e-06,m,25.0,°C,60.0,%,polypropylene,coated,corn–zein,"[‘CZ’, ’5.0’, ’%’]","[‘GLY’, ’0.5’, ’%’]",25.0,60.0
206,Effect of plasticizers and fatty acids on mechanical and permeability characteristics of chitosan films,,,,,,,13395.164999999977,g/m2day,13219.999999999976,gum/m2daykPa,0.0001,,,,,,chitosan,individual,None,None,,23.0,50.0
207,Effect of plasticizers and fatty acids on mechanical and permeability characteristics of chitosan films,,,,,,,7943.879999999996,g/m2day,7839.999999999995,gum/m2daykPa,0.0001,,,,90.0,%,chitosan,individual,None,None,"[‘GLY’, ’0.4’, ’%’]",23.0,90.0
208,Effect of plasticizers and fatty acids on mechanical and permeability characteristics of chitosan films,,,,,,,9119.250000000031,g/m2day,9000.00000000003,gum/m2daykPa,0.0001,,,,90.0,%,chitosan,individual,None,None,"[‘sorbitol’,’0.1’,’%’]",23.0,90.0
209,Effect of plasticizers and fatty acids on mechanical and permeability characteristics of chitosan films,,,,,,,16515.974999999966,g/m2day,16299.999999999965,gum/m2daykPa,0.0001,,,,90.0,%,chitosan,individual,None,None,"[‘sorbitol’, ’0.5’, ’%’]",23.0,90.0
210,Effect of plasticizers and fatty acids on mechanical and permeability characteristics of chitosan films,,,,,,,19251.749999999964,g/m2day,18999.999999999964,gum/m2daykPa,0.0001,,,,90.0,%,chitosan,individual,None,None,"[‘PEG’, ’0.2’, ’%’]",23.0,90.0
211,Effect of plasticizers and fatty acids on mechanical and permeability characteristics of chitosan films,,,,,,,1000.0000000000001,g/m2day,986.923266716013,gum/m2daykPa,0.0001,,23.0,℃,50.0,%,chitosan,individual,None,None,"[‘GLY’, ’0.25’, ’mL/g’]",23.0,50.0
212,Effect of plasticizers and fatty acids on mechanical and permeability characteristics of chitosan films,,,,,,,759.9999999999995,g/m2day,750.0616827041692,gum/m2daykPa,0.0001,,23.0,℃,50.0,%,chitosan,individual,None,None,"[‘GLY’, ’0.25’, ’mL/g’]",23.0,50.0
213,Effect of plasticizers and fatty acids on mechanical and permeability characteristics of chitosan films,,,,,,,13699.140000000047,g/m2day,13520.000000000045,gum/m2daykPa,0.0001,,,,90.0,%,chitosan,blend,stearic acid,"[‘FA’, ’0.5’, ’%’]",fatty acid,23.0,90.0
214,Effect of plasticizers and fatty acids on mechanical and permeability characteristics of chitosan films,,,,,,,14611.064999999988,g/m2day,14419.999999999987,gum/m2daykPa,0.0001,,,,90.0,%,chitosan,blend,palmitic acid,"[‘FA’, ’0.5’, ’%’]",fatty acid,23.0,90.0
215,Effect of plasticizers and fatty acids on mechanical and permeability characteristics of chitosan films,,,3.7037037037037e-06,cm3cm/m2Pas,,,,,,,0.0001,,,,,,chitosan,individual,None,None,,23.0,50.0
216,Effect of plasticizers and fatty acids on mechanical and permeability characteristics of chitosan films,,,7.39583333333333e-08,cm3cm/m2Pas,,,,,,,0.0001,,,,,,chitosan,blend,palmitic acid,"[‘FA’, ’0.1’, ’%’]",fatty acid,23.0,50.0
217,Effect of plasticizers and fatty acids on mechanical and permeability characteristics of chitosan films,,,2.70833333333333e-08,cm3cm/m2Pas,,,,,,,0.0001,,23.0,℃,60.0,%,chitosan,blend,palmitic acid,None,fatty acid,23.0,60.0
218,Gas permeation and mechanical properties of polypropylene nanocomposites with thermally-stable imidazolium modified clay,1202287796.8500032,cm3um/m2dayatm,12022877.968500033,cm3/m2day,,,,,,,0.0001,,23.0,°C,0.0,%,polypropylene,individual,None,"[‘OMMT’, ‘0.0’, ‘%’]",,23.0,0.0
219,Gas permeation and mechanical properties of polypropylene nanocomposites with thermally-stable imidazolium modified clay,959128467.1500003,cm3um/m2dayatm,9591284.671500003,cm3/m2day,,,,,,,0.0001,,23.0,°C,0.0,%,polypropylene,nanocomposite,OMMT,"[‘OMMT’, ‘1.0’, ‘%’]",,23.0,0.0
220,Gas permeation and mechanical properties of polypropylene nanocomposites with thermally-stable imidazolium modified clay,824039950.6500033,cm3um/m2dayatm,8240399.506500033,cm3/m2day,,,,,,,0.0001,,23.0,°C,0.0,%,polypropylene,nanocomposite,OMMT,"[‘OMMT’, ‘2.0’, ‘%’]",,23.0,0.0
221,Gas permeation and mechanical properties of polypropylene nanocomposites with thermally-stable imidazolium modified clay,715969137.4500027,cm3um/m2dayatm,7159691.374500027,cm3/m2day,,,,,,,0.0001,,23.0,°C,0.0,%,polypropylene,nanocomposite,OMMT,"[‘OMMT’, ‘3.0’, ‘%’]",,23.0,0.0
222,Gas permeation and mechanical properties of polypropylene nanocomposites with thermally-stable imidazolium modified clay,648424879.2000002,cm3um/m2dayatm,6484248.792000001,cm3/m2day,,,,,,,0.0001,,23.0,°C,0.0,%,polypropylene,nanocomposite,OMMT,"[‘OMMT’, ‘4.0’, ‘%’]",,23.0,0.0
223,Design of biodegradable bio-based equilibrium modified atmosphere packaging (EMAP) for fresh fruits and vegetables by using micro-perforated poly-lactic acid (PLA) films,,,,,4.4e-09,gm/m2s,,,,,3e-05,m,23.0,°C,50.0,%,polylactic acid,individual,None,None,,23.0,50.0
224,Design of biodegradable bio-based equilibrium modified atmosphere packaging (EMAP) for fresh fruits and vegetables by using micro-perforated poly-lactic acid (PLA) films,,,,,2.77e-14,gm/m2Pas,,,,,3e-05,m,25.0,°C,0.0,%,polylactic acid,individual,None,None,,25.0,0.0
225,Design of biodegradable bio-based equilibrium modified atmosphere packaging (EMAP) for fresh fruits and vegetables by using micro-perforated poly-lactic acid (PLA) films,,,,,1.99e-14,gm/m2Pas,,,,,3e-05,m,25.0,°C,0.0,%,polylactic acid,individual,None,None,,25.0,0.0
226,Design of biodegradable bio-based equilibrium modified atmosphere packaging (EMAP) for fresh fruits and vegetables by using micro-perforated poly-lactic acid (PLA) films,5.3e-09,gm/m2s,,,,,,,,,3e-05,m,23.0,°C,50.0,%,polylactic acid,individual,None,None,,23.0,50.0
227,Design of biodegradable bio-based equilibrium modified atmosphere packaging (EMAP) for fresh fruits and vegetables by using micro-perforated poly-lactic acid (PLA) films,,,,,,,,,1.4e-06,gm/m2s,3e-05,m,23.0,°C,50.0,%,polylactic acid,individual,None,None,,23.0,50.0
228,Effect of an organo-modified montmorillonite on PLA crystallization and gas barrier properties,32837.31910368,cm3um/m2dayatm,328.3731910368,cm3/m2day,,,,,,,0.0001,m,20.0,°C,,,polylactic acid,individual,None,None,,20.0,50.0
229,Effect of an organo-modified montmorillonite on PLA crystallization and gas barrier properties,27583.352949599997,cm3um/m2dayatm,275.833529496,cm3/m2day,,,,,,,0.0001,m,20.0,°C,,,polylactic acid,nanocomposite,OMMT,"[‘OMMT’, ‘3.8’, ‘%’]",,20.0,50.0
230,Effect of an organo-modified montmorillonite on PLA crystallization and gas barrier properties,24953.332068,cm3um/m2dayatm,249.53332068,cm3/m2day,,,,,,,0.0001,m,20.0,°C,,,polylactic acid,nanocomposite,OMMT,"[‘OMMT’, ‘7.9’, ‘%’]",,20.0,50.0
231,Combined effects of cellulose nanocrystals and silver nanoparticles on the barrier and migration properties of PLA nano-biocomposites,,,,,,,433.5552,g/m2day,898.56,gum/m2daykPa,0.00021,m,20.0,°C,50.0,%,polylactic acid,individual,None,None,,20.0,50.0
232,Combined effects of cellulose nanocrystals and silver nanoparticles on the barrier and migration properties of PLA nano-biocomposites,,,,,,,416.88,g/m2day,864.0,gum/m2daykPa,0.00021,m,20.0,°C,50.0,%,polylactic acid,nanocomposite,Ag,"[‘Ag’, ‘1.0’, ‘%’]",,20.0,50.0
233,Combined effects of cellulose nanocrystals and silver nanoparticles on the barrier and migration properties of PLA nano-biocomposites,,,,,,,275.1408,g/m2day,570.24,gum/m2daykPa,0.00021,m,20.0,°C,50.0,%,polylactic acid,nanocomposite,"CNC, Ag","[[‘CNC’, ‘1.0’, ‘%’], [‘Ag’, ‘1.0’, ‘%’]]",,20.0,50.0
234,Combined effects of cellulose nanocrystals and silver nanoparticles on the barrier and migration properties of PLA nano-biocomposites,,,,,,,179.25839999999997,g/m2day,371.52,gum/m2daykPa,0.00021,m,20.0,°C,50.0,%,polylactic acid,nanocomposite,"sCNC, Ag","[[‘sCNC’, ‘1.0’, ‘%’], [‘Ag’, ‘1.0’, ‘%’]]",,20.0,50.0
235,Combined effects of cellulose nanocrystals and silver nanoparticles on the barrier and migration properties of PLA nano-biocomposites,,,,,,,229.28400000000002,g/m2day,475.20000000000005,gum/m2daykPa,0.00021,m,20.0,°C,50.0,%,polylactic acid,nanocomposite,"CNC, Ag","[[‘CNC’, ‘5.0’, ‘%’], [‘Ag’, ‘1.0’, ‘%’]]",,20.0,50.0
236,Combined effects of cellulose nanocrystals and silver nanoparticles on the barrier and migration properties of PLA nano-biocomposites,,,,,,,179.25839999999997,g/m2day,371.52,gum/m2daykPa,0.00021,m,20.0,°C,50.0,%,polylactic acid,nanocomposite,"sCNC, Ag","[[‘sCNC’, ‘5.0’, ‘%’], [‘Ag’, ‘1.0’, ‘%’]]",,20.0,50.0
237,Combined effects of cellulose nanocrystals and silver nanoparticles on the barrier and migration properties of PLA nano-biocomposites,,,3.5300926e-05,cm3cm/m2s,,,,,,,0.00021,m,25.0,°C,,,polylactic acid,individual,None,None,,25.0,50.0
238,Combined effects of cellulose nanocrystals and silver nanoparticles on the barrier and migration properties of PLA nano-biocomposites,,,2.7662037e-05,cm3cm/m2s,,,,,,,0.00021,m,25.0,°C,,,polylactic acid,nanocomposite,Ag,"[‘Ag’, ‘1.0’, ‘%’]",,25.0,50.0
239,Combined effects of cellulose nanocrystals and silver nanoparticles on the barrier and migration properties of PLA nano-biocomposites,,,1.9097222e-05,cm3cm/m2s,,,,,,,0.00021,m,25.0,°C,,,polylactic acid,nanocomposite,"CNC, Ag","[[‘CNC’, ‘1.0’, ‘%’], [‘Ag’, ‘1.0’, ‘%’]]",,25.0,50.0
240,Combined effects of cellulose nanocrystals and silver nanoparticles on the barrier and migration properties of PLA nano-biocomposites,,,1.6435185e-05,cm3cm/m2s,,,,,,,0.00021,m,25.0,°C,,,polylactic acid,nanocomposite,"sCNC, Ag","[[‘sCNC’, ‘1.0’, ‘%’], [‘Ag’, ‘1.0’, ‘%’]]",,25.0,50.0
241,Combined effects of cellulose nanocrystals and silver nanoparticles on the barrier and migration properties of PLA nano-biocomposites,,,2.0601852e-05,cm3cm/m2s,,,,,,,0.00021,m,25.0,°C,,,polylactic acid,nanocomposite,"CNC, Ag","[[‘CNC’, ‘5.0’, ‘%’], [‘Ag’, ‘1.0’, ‘%’]]",,25.0,50.0
242,Combined effects of cellulose nanocrystals and silver nanoparticles on the barrier and migration properties of PLA nano-biocomposites,,,1.4583333e-05,cm3cm/m2s,,,,,,,0.00021,m,25.0,°C,,,polylactic acid,nanocomposite,"sCNC, Ag","[[‘sCNC’, ‘5.0’, ‘%’], [‘Ag’, ‘1.0’, ‘%’]]",,25.0,50.0
243,Mechanical properties and water vapor permeability of edible films made from fractionated soy proteins with ultrafiltration,,,,,,,107329.66617429837,g/m2day,71712.0,gum/m2daykPa,6.77e-05,m,25.0,°C,50.0,%,SPI,individual,None,None,,25.0,50.0
244,Mechanical properties and water vapor permeability of edible films made from fractionated soy proteins with ultrafiltration,,,,,,,118149.89268292682,g/m2day,71712.0,gum/m2daykPa,6.15e-05,m,25.0,°C,50.0,%,SPI,individual,None,None,,25.0,50.0
245,Mechanical properties and water vapor permeability of edible films made from fractionated soy proteins with ultrafiltration,,,,,,,108473.87755102041,g/m2day,73440.0,gum/m2daykPa,6.86e-05,m,25.0,°C,50.0,%,SPI,individual,None,None,,25.0,50.0
246,Mechanical properties and water vapor permeability of edible films made from fractionated soy proteins with ultrafiltration,,,,,,,106275.93323216995,g/m2day,69120.0,gum/m2daykPa,6.59e-05,m,25.0,°C,50.0,%,SPI,individual,None,None,,25.0,50.0
247,Improve the gas barrier property of PET film with montmorillonite by in situ interlayer polymerization,75.515495773032,cm3um/m2dayatm,3.02061983092128,cm3/m2day,,,,,,,2.5e-05,m,,,,,polyethylene terephthalate,nanocomposite,OMMT,"[‘OMMT’, ‘0.0’, ‘%’]",,23.0,50.0
248,Improve the gas barrier property of PET film with montmorillonite by in situ interlayer polymerization,55.874657935151994,cm3um/m2dayatm,2.23498631740608,cm3/m2day,,,,,,,2.5e-05,m,,,,,polyethylene terephthalate,nanocomposite,OMMT,"[‘OMMT’, ‘1.0’, ‘%’]",,23.0,50.0
249,Improve the gas barrier property of PET film with montmorillonite by in situ interlayer polymerization,46.58291199576001,cm3um/m2dayatm,1.8633164798304003,cm3/m2day,,,,,,,2.5e-05,m,,,,,polyethylene terephthalate,nanocomposite,OMMT,"[‘OMMT’, ‘2.0’, ‘%’]",,23.0,50.0
250,Improve the gas barrier property of PET film with montmorillonite by in situ interlayer polymerization,37.99687694544,cm3um/m2dayatm,1.5198750778176,cm3/m2day,,,,,,,2.5e-05,m,,,,,polyethylene terephthalate,nanocomposite,OMMT,"[‘OMMT’, ‘3.0’, ‘%’]",,23.0,50.0
251,"Effect of lignin on water vapor barrier, mechanical, and structural properties of agar-lignin composite films",,,,,,,305321.53388429753,g/m2day,182304.0,gum/m2daykPa,6.05e-05,m,25.0,°C,50.0,%,agar,individual,None,None,,25.0,50.0
252,"Effect of lignin on water vapor barrier, mechanical, and structural properties of agar-lignin composite films",,,,,,,286008.7164179105,g/m2day,170208.0,gum/m2daykPa,6.03e-05,m,25.0,°C,50.0,%,agar,blend,lignin,"[‘lignin’, ‘1.0’, ‘%’]",glycerol,25.0,50.0
253,"Effect of lignin on water vapor barrier, mechanical, and structural properties of agar-lignin composite films",,,,,,,270801.42716857616,g/m2day,163296.0,gum/m2daykPa,6.11e-05,m,25.0,°C,50.0,%,agar,blend,lignin,"[‘lignin’, ‘3.0’, ‘%’]",glycerol,25.0,50.0
254,"Effect of lignin on water vapor barrier, mechanical, and structural properties of agar-lignin composite films",,,,,,,271373.54816112085,g/m2day,152928.0,gum/m2daykPa,5.71e-05,m,25.0,°C,50.0,%,agar,blend,lignin,"[‘lignin’, ‘5.0’, ‘%’]",glycerol,25.0,50.0
255,"Effect of lignin on water vapor barrier, mechanical, and structural properties of agar-lignin composite films",,,,,,,231736.23529411765,g/m2day,132192.0,gum/m2daykPa,5.78e-05,m,25.0,°C,50.0,%,agar,blend,lignin,"[‘lignin’, ’10.0’, ‘%’]",glycerol,25.0,50.0
256,Oxygen permeability and mechanical properties of banana films,689.009967576,cm3um/m2dayatm,6.89009967576,cm3/m2day,,,,,,,0.0001,m,25.0,°C,0.0,%,methylcellulose,individual,None,None,,25.0,0.0
257,Oxygen permeability and mechanical properties of banana films,59781.74383944,cm3um/m2dayatm,597.8174383944,cm3/m2day,,,,,,,0.0001,m,23.0,°C,50.0,%,denatured whey protein isolate,individual,None,None,,23.0,50.0
258,Oxygen permeability and mechanical properties of banana films,79033.49319096,cm3um/m2dayatm,790.3349319096,cm3/m2day,,,,,,,0.0001,m,23.0,°C,50.0,%,whey protein isolate,individual,None,None,,23.0,50.0
259,Water vapour permeability of poly(lactic acid) nanocomposites,,,,,,,5.2034722e-06,g/m2s,,,0.0006,m,38.0,°C,90.0,%,polylactic acid,individual,None,None,,38.0,90.0
260,Water vapour permeability of poly(lactic acid) nanocomposites,,,,,,,4.58611109e-06,g/m2s,,,0.0006,m,38.0,°C,90.0,%,polylactic acid,nanocomposite,OMMT,"[‘OMMT’, ‘1.0’, ‘%’]",,38.0,90.0
261,Water vapour permeability of poly(lactic acid) nanocomposites,,,,,,,4.08634257e-06,g/m2s,,,0.0006,m,38.0,°C,90.0,%,polylactic acid,nanocomposite,OMMT,"[‘OMMT’, ‘2.0’, ‘%’]",,38.0,90.0
262,Water vapour permeability of poly(lactic acid) nanocomposites,,,,,,,3.70416665e-06,g/m2s,,,0.0006,m,38.0,°C,90.0,%,polylactic acid,nanocomposite,OMMT,"[‘OMMT’, ‘3.0’, ‘%’]",,38.0,90.0
263,Water vapour permeability of poly(lactic acid) nanocomposites,,,,,,,3.35138887e-06,g/m2s,,,0.0006,m,38.0,°C,90.0,%,polylactic acid,nanocomposite,OMMT,"[‘OMMT’, ‘4.0’, ‘%’]",,38.0,90.0
264,Water vapour permeability of poly(lactic acid) nanocomposites,,,,,,,3.14560184e-06,g/m2s,,,0.0006,m,38.0,°C,90.0,%,polylactic acid,nanocomposite,OMMT,"[‘OMMT’, ‘5.0’, ‘%’]",,38.0,90.0
265,Water vapour permeability of poly(lactic acid) nanocomposites,,,,,,,2.96921295e-06,g/m2s,,,0.0006,m,38.0,°C,90.0,%,polylactic acid,nanocomposite,OMMT,"[‘OMMT’, ‘6.0’, ‘%’]",,38.0,90.0
266,Synthesis of chain-extended organifier and properties of polyurethane clay nanocomposites,969296.0255999999,cm3um/m2dayatm,9692.960255999998,cm3/m2day,,,,,,,0.0001,,30.0,°C,,,polyurethane,individual,None,None,,30.0,50.0
267,Synthesis of chain-extended organifier and properties of polyurethane clay nanocomposites,801122.4648000001,cm3um/m2dayatm,8011.224648,cm3/m2day,,,,,,,0.0001,,30.0,°C,,,polyurethane,nanocomposite,OMMT,"[‘OMMT’, ‘1.0’, ‘%’]",,30.0,50.0
268,Synthesis of chain-extended organifier and properties of polyurethane clay nanocomposites,695893.6152,cm3um/m2dayatm,6958.936152,cm3/m2day,,,,,,,0.0001,,30.0,°C,,,polyurethane,nanocomposite,OMMT,"[‘OMMT’, ‘3.0’, ‘%’]",,30.0,50.0
269,Synthesis of chain-extended organifier and properties of polyurethane clay nanocomposites,692216.7335999999,cm3um/m2dayatm,6922.1673359999995,cm3/m2day,,,,,,,0.0001,,30.0,°C,,,polyurethane,nanocomposite,OMMT,"[‘OMMT’, ‘5.0’, ‘%’]",,30.0,50.0
270,Synthesis of chain-extended organifier and properties of polyurethane clay nanocomposites,732837.5207999999,cm3um/m2dayatm,7328.3752079999995,cm3/m2day,,,,,,,0.0001,,30.0,°C,,,polyurethane,nanocomposite,OMMT,"[‘OMMT’, ‘1.0’, ‘%’]",,30.0,50.0
271,Synthesis of chain-extended organifier and properties of polyurethane clay nanocomposites,619204.3704,cm3um/m2dayatm,6192.043704,cm3/m2day,,,,,,,0.0001,,30.0,°C,,,polyurethane,nanocomposite,OMMT,"[‘OMMT’, ‘3.0’, ‘%’]",,30.0,50.0
272,Synthesis of chain-extended organifier and properties of polyurethane clay nanocomposites,568165.752,cm3um/m2dayatm,5681.65752,cm3/m2day,,,,,,,0.0001,,30.0,°C,,,polyurethane,nanocomposite,OMMT,"[‘OMMT’, ‘5.0’, ‘%’]",,30.0,50.0
273,High permeability nano-composite membranes based on mesoporous MCM-41 nanoparticles in a polysulfone matrix,,,,,3.375e-08,cm3cm/m2Pas,,,,,0.0001,,25.0,°C,,,polysulfone,individual,None,None,,25.0,50.0
274,High permeability nano-composite membranes based on mesoporous MCM-41 nanoparticles in a polysulfone matrix,,,,,4.950396e-08,cm3cm/m2Pas,,,,,0.0001,,25.0,°C,,,polysulfone,nanocomposite,silica,"[‘silica’, '10.0’, ‘%’]",,25.0,50.0
275,High permeability nano-composite membranes based on mesoporous MCM-41 nanoparticles in a polysulfone matrix,,,,,5.850468e-08,cm3cm/m2Pas,,,,,0.0001,,25.0,°C,,,polysulfone,nanocomposite,silica,"[‘silica’, '20.0’, ‘%’]",,25.0,50.0
276,High permeability nano-composite membranes based on mesoporous MCM-41 nanoparticles in a polysulfone matrix,,,,,1.1100888e-07,cm3cm/m2Pas,,,,,0.0001,,25.0,°C,,,polysulfone,nanocomposite,silica,"[‘silica’, '40.0’, ‘%’]",,25.0,50.0
277,High permeability nano-composite membranes based on mesoporous MCM-41 nanoparticles in a polysulfone matrix,643505.7563424,cm3um/m2dayatm,6435.057563423999,cm3/m2day,,,,,,,0.0001,,25.0,°C,,,polysulfone,individual,None,None,,25.0,50.0
278,High permeability nano-composite membranes based on mesoporous MCM-41 nanoparticles in a polysulfone matrix,919293.937632,cm3um/m2dayatm,9192.939376319999,cm3/m2day,,,,,,,0.0001,,25.0,°C,,,polysulfone,nanocomposite,silica,"[‘silica’, '10.0’, ‘%’]",,25.0,50.0
279,High permeability nano-composite membranes based on mesoporous MCM-41 nanoparticles in a polysulfone matrix,1116286.371144,cm3um/m2dayatm,11162.863711439999,cm3/m2day,,,,,,,0.0001,,25.0,°C,,,polysulfone,nanocomposite,silica,"[‘silica’, '20.0’, ‘%’]",,25.0,50.0
280,High permeability nano-composite membranes based on mesoporous MCM-41 nanoparticles in a polysulfone matrix,2232570.9913919996,cm3um/m2dayatm,22325.709913919996,cm3/m2day,,,,,,,0.0001,,25.0,°C,,,polysulfone,nanocomposite,silica,"[‘silica’, '40.0’, ‘%’]",,25.0,50.0
281,The effect of pre-treatment and process conditions on the gas barrier properties of fibrillated cellulose films and coatings: A review,4052974.0608,cm3um/m2dayatm,40529.740608,cm3/m2day,,,,,,,0.0001,,23.0,°C,50.0,%,microfibrillated cellulose,individual,None,None,,23.0,50.0
282,The effect of pre-treatment and process conditions on the gas barrier properties of fibrillated cellulose films and coatings: A review,1013243515.1999999,cm3um/m2dayatm,10132435.151999999,cm3/m2day,,,,,,,0.0001,,23.0,°C,50.0,%,polyethylene terephthalate,individual,None,None,,23.0,50.0
283,The effect of pre-treatment and process conditions on the gas barrier properties of fibrillated cellulose films and coatings: A review,5066217576.0,cm3um/m2dayatm,50662175.76,cm3/m2day,,,,,,,0.0001,,23.0,°C,50.0,%,polyethylene terephthalate,individual,None,None,,23.0,50.0
284,The effect of pre-treatment and process conditions on the gas barrier properties of fibrillated cellulose films and coatings: A review,50662175760.0,cm3um/m2dayatm,506621757.6,cm3/m2day,,,,,,,0.0001,,23.0,°C,50.0,%,polypropylene,individual,None,None,,23.0,50.0
285,The effect of pre-treatment and process conditions on the gas barrier properties of fibrillated cellulose films and coatings: A review,101324351520.0,cm3um/m2dayatm,1013243515.2,cm3/m2day,,,,,,,0.0001,,23.0,°C,50.0,%,polypropylene,individual,None,None,,23.0,50.0
286,The effect of pre-treatment and process conditions on the gas barrier properties of fibrillated cellulose films and coatings: A review,10.132435152,cm3um/m2dayatm,0.10132435152,cm3/m2day,,,,,,,0.0001,,23.0,°C,50.0,%,polyvinylidene chloride,individual,None,None,,23.0,50.0
287,The effect of pre-treatment and process conditions on the gas barrier properties of fibrillated cellulose films and coatings: A review,303.97305456,cm3um/m2dayatm,3.0397305456,cm3/m2day,,,,,,,0.0001,,23.0,°C,50.0,%,polyvinylidene chloride,individual,None,None,,23.0,50.0
288,The effect of pre-treatment and process conditions on the gas barrier properties of fibrillated cellulose films and coatings: A review,2259533.038896,cm3um/m2dayatm,22595.33038896,cm3/m2day,,,,,,,0.0001,,23.0,°C,0.0,%,EVOH,individual,None,None,,23.0,0.0
289,The effect of pre-treatment and process conditions on the gas barrier properties of fibrillated cellulose films and coatings: A review,17123.81540688,cm3um/m2dayatm,171.2381540688,cm3/m2day,,,,,,,0.0001,,23.0,°C,50.0,%,polylactic acid,individual,None,None,,23.0,50.0
290,The effect of pre-treatment and process conditions on the gas barrier properties of fibrillated cellulose films and coatings: A review,,,,,,,15907940697.6,g/m2day,15699916800.0,gum/m2daykPa,0.0001,,23.0,°C,50.0,%,microfibrillated cellulose,individual,None,None,,23.0,50.0
291,The effect of pre-treatment and process conditions on the gas barrier properties of fibrillated cellulose films and coatings: A review,,,,,,,13172.244487920001,g/m2day,12999.994560000001,gum/m2daykPa,0.0001,,21.0,°C,60.0,%,polyethylene terephthalate,individual,None,None,,21.0,60.0
292,The effect of pre-treatment and process conditions on the gas barrier properties of fibrillated cellulose films and coatings: A review,,,,,,,499532250.1296961,g/m2day,493000000.128,gum/m2daykPa,0.0001,,37.8,°C,90.0,%,polypropylene,individual,None,None,,37.8,90.0
293,The effect of pre-treatment and process conditions on the gas barrier properties of fibrillated cellulose films and coatings: A review,,,,,,,708261751.9454399,g/m2day,699000001.92,gum/m2daykPa,0.0001,,23.0,°C,45.0,%,polyvinylidene chloride,individual,None,None,,23.0,45.0
294,The effect of pre-treatment and process conditions on the gas barrier properties of fibrillated cellulose films and coatings: A review,,,,,,,96258781.77552,g/m2day,95000031.36,gum/m2daykPa,0.0001,,23.0,°C,95.0,%,EVOH,individual,None,None,,23.0,95.0
295,The effect of pre-treatment and process conditions on the gas barrier properties of fibrillated cellulose films and coatings: A review,,,,,,,391114499.773032,g/m2day,385999999.77599996,gum/m2daykPa,0.0001,,23.0,°C,50.0,%,polylactic acid,individual,None,None,,23.0,50.0
